country,capital,status,note
Albania,Tirana,European,Southeast Europe
Andorra,Andorra la Vella,European,Pyrenean microstate
Armenia,Yerevan,Europe-linked,Often included in Europe-focused lists
Austria,Vienna,European,Central Europe
Azerbaijan,Baku,Europe-linked,South Caucasus state
Belarus,Minsk,European,Eastern Europe
Belgium,Brussels,European,EU and NATO hub
Bosnia and Herzegovina,Sarajevo,European,Western Balkans
Bulgaria,Sofia,European,Southeast Europe
Croatia,Zagreb,European,Adriatic country
Cyprus,Nicosia,Europe-linked,"Politically tied to Europe, geographically in West Asia"
Czech Republic,Prague,European,Also called Czechia
Denmark,Copenhagen,European,Nordic country
Estonia,Tallinn,European,Baltic state
Finland,Helsinki,European,Nordic country
France,Paris,European,Western Europe
Georgia,Tbilisi,Europe-linked,South Caucasus state
Germany,Berlin,European,Largest EU economy
Greece,Athens,European,Southern Europe
Hungary,Budapest,European,Central Europe
Iceland,Reykjavik,European,North Atlantic island state
Ireland,Dublin,European,Island nation west of Great Britain
Italy,Rome,European,Southern Europe
Kazakhstan,Astana,Transcontinental,Small western part in Europe
Kosovo,Pristina,Partially recognized,Included in many Europe datasets
Latvia,Riga,European,Baltic state
Liechtenstein,Vaduz,European,Alpine microstate
Lithuania,Vilnius,European,Baltic state
Luxembourg,Luxembourg,European,Microstate with same-name capital
Malta,Valletta,European,Mediterranean island state
Moldova,Chisinau,European,Eastern Europe
Monaco,Monaco,European,City-state on the French Riviera
Montenegro,Podgorica,European,Adriatic Balkan state
Netherlands,Amsterdam,European,Government seat is The Hague
North Macedonia,Skopje,European,Western Balkans
Norway,Oslo,European,Nordic country
Poland,Warsaw,European,Central Europe
Portugal,Lisbon,European,Iberian Peninsula
Romania,Bucharest,European,Southeast Europe
Russia,Moscow,Transcontinental,Large state spanning Europe and Asia
San Marino,San Marino,European,Enclave within Italy
Serbia,Belgrade,European,Balkan state
Slovakia,Bratislava,European,Central Europe
Slovenia,Ljubljana,European,Central Europe
Spain,Madrid,European,Iberian Peninsula
Sweden,Stockholm,European,Nordic country
Switzerland,Bern,European,Federal city is Bern
Turkey,Ankara,Transcontinental,Mostly in Asia partly in Europe
Ukraine,Kyiv,European,Eastern Europe
United Kingdom,London,European,Sovereign state in northwest Europe
Vatican City,Vatican City,European,Independent city-state within Rome